BEGIN;

INSERT INTO "role" ("id", "name", "description") VALUES
(1, 'Duelliste', 'Cette catégorie d''Agents est constituée de combattants plutôt indépendants. Dans une équipe, les Duellistes apportent la force agressive, nécessaire pour entrer sur site et prendre rapidement l''ascendant sur l''équipe adverse. On attend des Duellistes qu''ils engagent le combat en premiers et qu''ils déstabilisent les ennemis au maximum. S''ils sont davantage solitaires, cela ne veut pas dire pour autant que ces Agents ne doivent jamais jouer avec leurs coéquipiers.'),
(2, 'Initiateur', 'Les Initiateurs constituent le premier pilier des Duellistes en début de partie : ce sont de véritables informateurs. Il est attendu que ces Agents initient la prise d''un site. Ils permettent ainsi à leur équipe de rentrer sur site, avec les données nécessaires pour bien attaquer et ne pas être pris au dépourvu. Plus tard dans la partie, les Initiateurs pourront agir de manière plutôt agressive ou plutôt défensive, et pourront notamment rendre la vie dure aux ennemis qui tenteraient de désamorcer le Spike.'),
(3, 'Contrôleur', 'Aussi nommés Smokers, cette classe est essentielle dans toute bonne composition. Comme leur nom l''indique, ces Agents sont des experts du contrôle de map. On attend des Contrôleurs deux choses essentielles. D''une part, qu''ils brisent les lignes de vue dangereuses, afin de brouiller la vision des ennemis, et d''autre part qu''ils offrent une couverture à leurs alliés pour faciliter leurs mouvements. En outre, ils pourront ralentir les adversaires, les empêcher de désamorcer le Spike ou encore leur infliger des dégâts. De par leur importance dans les stratégies d''équipe, ils endossent souvent le rôle de leader in-game, et se doivent de bien communiquer avec leurs coéquipiers.'),
(4, 'Sentinelle', 'Dans Valorant, Riot Games décrit les Sentinelles comme « des experts de la défense, qui verrouillent l''accès aux zones et surveillent les flancs, tant en Attaque qu''en Défense ». Par conséquent, ces Agents ne sont pas attendus au front, mais davantage en support dans les lignes arrières. Les Sentinelles devront surveiller les flankeurs et prendre un maximum d''informations, ici et là sur les cartes grâce à leurs outils. Il est donc essentiel qu''ils communiquent avec leur équipe. En Attaque, comme en Défense, on attend d''eux qu''ils verrouillent les accès au site, et qu''ils ralentissent l''avancée des ennemis. Malgré leur rôle plutôt défensif, il n''est pas impossible de jouer une Sentinelle de façon agressive. Cela est moins conseillé, mais se faisant, vous pourriez surprendre vos opposants.');


INSERT INTO "agent" ("id", "name", "description", "quote", "role_id") VALUES
(1, 'Jett', 'Représentante de sa patrie, la Corée du Sud, Jett dispose d''un style de combat basé sur l''agilité et l''esquive, qui lui permet de prendre des risques qu''elle seule peut se permettre de prendre. Elle tourne autour des affrontements et découpe ses ennemis avant même qu''ils ne s''en rendent compte.', 'Get out of my way !', 1),
(2, 'Raze', 'Armée de sa personnalité et de sa grosse artillerie, Raze fait une entrée explosive depuis le Brésil. Grâce à sa force brute, elle excelle à débusquer les ennemis retranchés et à faire le ménage dans les espaces étroits, le tout avec une bonne dose de ''boum''.', 'Fire in the hole !', 1),
(3, 'Breach', 'Breach, le Suédois bionique, tire de puissantes décharges cinétiques pour ouvrir un chemin en territoire ennemi. Grâce aux dégâts et aux diversions ainsi provoqués, aucun combat n''est jamais en sa défaveur.', 'Off your feet !', 2),
(4, 'Omen', 'Véritable fantôme d''un souvenir, Omen chasse dans les ténèbres. Il aveugle les ennemis, se téléporte d''un bout à l''autre du champ de bataille et laisse la peur se répandre parmi ses adversaires qui se demandent qui sera sa prochaine victime.', 'Scatter !', 3),
(5, 'Brimstone', 'Tout droit venu des États-Unis d''Amérique, Brimstone possède un arsenal orbital qui permet à son escouade de toujours avoir l''avantage. La précision et la fiabilité de ses compétences utilitaires font de lui un commandant sans égal sur le terrain.', 'Prepare for hellfire !', 3),
(6, 'Phoenix', 'En provenance du Royaume-Uni, Phoenix illumine le champ de bataille avec ses pouvoirs astraux et son style de combat flamboyant. Peu importe que les renforts arrivent ou non, il fonce au combat quand il le décide.', 'Jokes over, you''re dead !',1),
(7, 'Sage', 'Véritable pilier originaire de Chine, Sage assure sa sécurité et celle de son équipe où qu''elle aille. Elle peut réanimer ses alliés tombés au combat et repousser les assauts ennemis pour offrir des oasis de tranquillité sur un champ de bataille infernal.', 'You will not kill my allies !', 4),
(8, 'Sova', 'Né dans l''hiver éternel de la toundra russe, Sova traque, trouve et élimine ses ennemis avec une efficacité et une précision redoutables. Ses incroyables talents d''éclaireur et son arc personnalisé lui garantissent que sa cible ne fuira jamais très longtemps.', 'Nowhere to run !', 2),
(9, 'Viper', 'Viper est une chimiste américaine qui déploie un arsenal d''appareils toxiques pour contrôler le champ de bataille et entraver la vision des ennemis. Si les toxines ne suffisent pas à abattre sa proie, ses machinations finiront le travail.', 'Welcome to my world !', 3),
(10, 'Cypher', 'Informateur originaire du Maroc, Cypher est un véritable réseau de surveillance à lui tout seul. Il révèle tous les secrets. Il détecte toutes les manœuvres. Rien n''échappe à Cypher', 'I know EXACTLY where you are !', 4),
(11, 'Reyna', 'Originaire du cœur du Mexique, Reyna est une experte des combats singuliers qui se renforce à chaque élimination qu''elle réussit. Son efficacité n''est limitée que par son habileté, ce qui la rend très dépendante de ses propres performances.', 'The hunt begins !',1),
(12, 'Killjoy', 'Véritable génie originaire d''Allemagne, Killjoy sécurise et défend les positions clés sans effort grâce à son arsenal d''inventions. Si son équipement ne suffit pas à arrêter l''ennemi, ce sont les entraves de ses robots qui en feront du menu fretin.', 'You should  run !', 4),
(13, 'Skye', 'Originaire d''Australie, Skye et sa bande de bêtes sauvages ouvrent la voie à travers les territoires hostiles. Grâce à ses créations qui entravent l''ennemi et à sa faculté à soigner les autres, l''équipe est plus forte et plus en sécurité quand elle compte Skye dans ses rangs.', 'I''ve got your trail !', 2),
(14, 'Yoru', 'Le Japonais Yoru perce des trous dans la réalité pour s''infiltrer derrière les lignes ennemies sans se faire repérer. En faisant preuve d''autant de ruse que d''agressivité, il prend ses cibles par surprise avant qu''elles n''aient le temps de se retourner.', 'Who''s next ?', 1),
(15, 'Astra', 'L''agent ghanéen Astra canalise les énergies du cosmos pour façonner le champ de bataille à sa convenance. Avec une maîtrise complète de sa forme astrale et un talent pour la planification stratégique, elle a toujours une large avance sur ses ennemis.', 'You are divided !', 3),
(16, 'KAY/O', 'KAY/O est une machine de guerre conçue dans un but précis : neutraliser les radiants. La neutralisation des compétences ennemies réduit les possibilités de riposte des adversaires, ce qui confère un avantage décisif à son équipe.', 'You. Are. Powerless !', 2),
(17, 'Chamber', 'Aussi classe que bien équipé, le concepteur d''armes français Chamber repousse les assaillants avec une précision mortelle. Il met à profit son arsenal bien particulier pour tenir sa position et éliminer les ennemis de loin en prévoyant une solution aux défis posés par chaque stratégie.', 'You want to play ? Let''s play', 4),
(18, 'Neon', 'L''agent philippin, Neon, s''élance vers l''avant à une vitesse fulgurante, libérant de grosses décharges de radiance biomagnétique générées frénétiquement par son corps. Elle se lance à la poursuite des ennemis qui n''ont pas le temps de s''y préparer et les élimine aussi vite que l''éclair.', 'Oy ! I''m pissed !', 1),
(19, 'Fade', 'Originaire de Turquie, la chasseuse de primes Fade utilise le pouvoir des cauchemars pour s''emparer des secrets ennemis. Elle traque ses cibles et révèle leurs plus grandes peurs pour mieux les briser dans l''obscurité.', 'Nightmare, take them !', 2),
(20, 'Harbor', 'Venu de la côte indienne, Harbor déferle sur le terrain grâce à une technologie antique qui lui permet de contrôler l''eau. Il déchaîne des torrents bouillonnants et de terribles lames d''eau pour protéger ses alliés et noyer ses adversaires.', 'I suggest you move !', 3),
(21, 'Gekko', 'Originaire de Los Angeles, Gekko dirige une bande de créatures chaotiques, mais très soudées. Ses amis s''occupent de disperser les ennemis, puis Gekko rassemble sa petite troupe pour recommencer.', 'Oye ! Monster on the loose !', 2),
(22, 'Deadlock', 'Deadlock, l''agent spécial norvégien, déploie un éventail de nanocâbles ultra-modernes pour défendre sa position contre le plus violent des assauts. Nul n''échappe à sa vigilance, ni ne survit à sa cruelle ténacité.', 'My territory, my rules !', 4);


INSERT INTO "skill" ("id", "name", "agent_id", "description") VALUES
(1, 'Courant ascendant', 1, 'Jett se propulse instantanément dans les airs'),
(2, 'Vent arrière', 1, 'Jett se prépare avant de se propulser dans la direction où elle se dirige'),
(3, 'Averse', 1, 'Jett lance un projectile qui libère un nuage qui bloque la vision lorsqu''il touche une surface'),
(4, 'Tempête de lames', 1, 'Jett s''équipe d''un ensemble de couteaux de lancer extrêmement précis'),
(5, 'Pack explosif', 2, 'Raze lance un pack explosif qui se colle aux surfaces'),
(6, 'Grenade gigogne', 2, 'Raze lance une grenade à sous-munitions'),
(7, 'Boum bot', 2, 'Raze déploie un bot qui se propulse en ligne droite sur le sol, rebondit contre les murs et explose au contact de l''ennemi'),
(8, 'Bouquet final', 2, 'Raze s''équipe d''un lance-roquettes qui inflige de lourds dégats de zone'),
(9, 'Point d''ignition', 3, 'Breach tire une charge à travers un mur et aveugle tous les agents qui la regardent'),
(10, 'Ligne de fracture', 3, 'Breach provoque un séisme en ligne qui désoriente tous les agents'),
(11, 'Réplique', 3, 'Breach provoque une explosion à travers un mur afin d''infliger de lourds dégats'),
(12, 'Onde sismique', 3, 'Breach provoque un séisme déferlant à travers tous les obstacles dans une large zone conique. Le séisme désoriente et projette en l''air tous ceux qu''il touche'),
(13, 'Paranoïa', 4, 'Omen lance un projectile d''ombre qui traverse les murs et réduit brièvement la portée de la vision de tous les agents touchés'),
(14, 'Voile sombre', 4, 'Omen place une orbe d''ombre qui bloque la vision à l''endroit de son choix'),
(15, 'Voie des ombres', 4, 'Omen se téléporte vers l''endroit de son choix sur une courte portée'),
(16, 'Depuis les ombres', 4, 'Omen se téléporte où il souhaite sur la carte'),
(17, 'Bombe incendiaire', 5, 'Brimstone lance une grenade qui explose au sol et libère une zone enflammée persistante'),
(18, 'Frappe fumigène', 5, 'Brimstone lance un nuage de fumée durable qui bloque la vision'),
(19, 'Balise stimulante', 5, 'Brimstone lance une balise au sol qui confère de la vitesse de tir aux agents proches'),
(20, 'Rayon orbital', 5, 'Brimstone ordonne une frappe orbitale persistante à l''endroit de son choix'),
(21, 'Balle courbe', 6, 'Phoenix lance un orbe flamboyant aveuglant tous les agents qui le regardent'),
(22, 'Mains brûlantes', 6, 'Phoenix lance une boule de feu qui créée une zone enflammée persistante lorsqu''elle touche le sol'),
(23, 'Brasier', 6, 'Phoenix déploie un mur de feu devant lui'),
(24, 'Revanche', 6, 'Phoenix place un marqueur sur sa position. Tant que cette compétence est active, mourir renvoie Phoenix à cette position avec tous ses PV'),
(25, 'Orbe de lenteur', 7, 'Sage lance un orbe qui explose et crée un champ persistant qui ralentit les agents qui s''y trouvent'),
(26, 'Orbe de soin', 7, 'Sage lance un soin qui rend des PV sur la durée à l''agent de son choix'),
(27, 'Orbe barrière', 7, 'Sage place un mur solide devant elle'),
(28, 'Résurrection', 7, 'Sage réanime un allié mort'),
(29, 'Electroflèche', 8, 'Sova décoche une flèche électrique qui explose à l''impact et blesse les agents proches'),
(30, 'Flèche de reconnaissance', 8, 'Sova décoche une flèche qui s''active à l''impact et révèle la position des ennemis proches'),
(31, 'Drone rapace', 8, 'Sova déploie un drone qu''il contrôle et qui peut envoyer une fléchette de marquage révélant sa position'),
(32, 'Fureur du chasseur', 8, 'Sova décoche trois projectiles d''énergie à longue portée capables de traverser les murs'),
(33, 'Nuage de poison', 9, 'Viper pose un diffuseur qui persiste toute la manche. Elle peut l''activer afin de créer un nuage de fumée toxique'),
(34, 'Ecran toxique', 9, 'Viper déploie une longue ligne de diffuseurs de gaz créant un mur de fumée toxique'),
(35, 'Morsure du serpent', 9, 'Viper lance une grenade à poison qui se brise en touchant le sol, créant une zone chimique persistante qui blesse les agents'),
(36, 'Nid de vipères', 9, 'Viper déploie un large nuage chimique tout autour d''elle qui réduit la portée de vision et les PV des agents qui se trouvent dedans'),
(37, 'Cybercage', 10, 'Cypher lance une cybercage devant lui qui créer une zone qui bloque la vision et qui ralentit les ennemis qui la traversent'),
(38, 'Caméra espionne', 10, 'Cypher pose une caméra espionne à l''endroit de son choix. Il contrôle sa caméra et peut envoyer une fléchette de marquage qui révèle la position de l''agent touché'),
(39, 'Fil de détente', 10, 'Cypher pose un fil dissimulé entre deux mur opposé. Lorsqu''un agent ennemi franchit le fil, il est révélé et désorienté après un court instant'),
(40, 'Vol neural', 10, 'Cypher utilise le cadavre d'' un ennemi pour révéler la position de tous les autres ennemis en vie'),
(41, 'Dévoration', 11, 'Reyna consomme l''âme d''un ennemi mort afin de regagner des PV'),
(42, 'Rebuffade', 11, 'Reyna consomme l''âme d''un ennemi mort afin de devenir invisible et intangible pendant un court instant'),
(43, 'Oeillade', 11, 'Reyna lance un oeil éthéré destructible qui rend myopes tous les ennemis qui le regardent'),
(44, 'Impératrice', 11, 'Reyna entre en furie, ce qui augmente considérablement sa vitesse de tir, de changement d''arme et de rechargement.'),
(45, 'Bot-alarme', 12, 'KJ pose un robot d''alarme camouflé qui se déclenche lorsqu''un ennemi est proche de lui. De plus, il explose et inflige une altération d''état de vulnérabilité'),
(46, 'Tourelle', 12, 'KJ déploie une tourelle qui tire sur les ennemis en face d''elle'),
(47, 'Essaim de nanites', 12, 'KJ dépose des grenade à essaims camouflées sur le sol qu''elle peut activer quand elle le souhaite'),
(48, 'Confinement', 12, 'KJ déploie un dispositif de confinement. Après un long délai, le dispositif retient tous les ennemis pris dans sa zone d''effet'),
(49, 'Eclaireur', 13, 'Skye prend le contrôle d''un prédateur qui peut bondir sur un ennemi pour le désorienter et le blesser'),
(50, 'Guide éclatant', 13, 'Skye invoque un faucon qu''elle dirige dans les airs afin de le transformer en lumière qui aveugle les ennemis à portée'),
(51, 'Revitalisation', 13, 'Skye effectue une canalisation qui soigne les alliés à portée'),
(52, 'Traqueurs', 13, 'Skye lance trois traqueurs qui pourchassent les trois ennemis les plus proches. Si un traqueur atteint sa cible, il réduit le champ de vision de celle-ci'),
(53, 'Angle mort', 14, 'Yoru lance un fragment dimensionnel qui provoque un aveuglement peu après avoir touché une surface'),
(54, 'Visiteur surprise', 14, 'Yoru lance une balise dimensionnel vers l''avant ou sur place. Il peut choisir de se téléporter dessus ou de feindre une téléportation'),
(55, 'Feinte', 14, 'Yoru envoie un double de lui qui avance tout droit. Si les ennemis tirent dessus, le clone émet une lumière aveuglante'),
(56, 'Transfert dimensionnel', 14, 'Yoru devient invisible et intangible pendant plusieurs secondes'),
(57, 'Impulsion nova', 15, 'Astra active une étoile pour la faire exploser et désorienter les agents dans son rayon d''effet'),
(58, 'Nébuleuse', 15, 'Astra active une étoile pour la transformer en nuage de fumée'),
(59, 'Puits de gravité', 15, 'Astra active une étoile pour former une zone circulaire qui attire les agents vers le centre de l''étoile'),
(60, 'Division cosmique', 15, 'Astra active une étoile afin de déploier un mur qui divise la carte en deux. Ce mur bloque les balles et étouffe fortement les sons'),
(61, 'Mémoire/Flash', 16, 'KAY/O lance une grenade aveuglante'),
(62, 'Point/Zéro', 16, 'KAY/O lance un couteau qui, au contact d''une surface, neutralise tous les ennemis présents dans son rayon d''explosion'),
(63, 'Frag/Ment', 16, 'KAY/O lance un fragment explosif qui se colle au sol et explose à plusieurs reprises'),
(64, 'CMD/NULL', 16, 'KAY/O entre en surchage, ce qui lui permet d''emettre des vagues d''énergie qui neutralisent les ennemis dans la zone d''effet. Pendant la surchage, KAY/O peut être réanimer par un allié s''il tombe au combat'),
(65, 'Chasseur de têtes', 17, 'Chamber s''équipe d''un pistolet gros calibre à viseur'),
(66, 'Rendez-vous', 17, 'Chamber pose une balise de téléportation sur laquelle il peut se téléporter tant qu''il reste dans sa zone d''effet'),
(67, 'Marque déposée', 17, 'Chamber pose un piège qui détecte les ennemis proches et les ralentis en créant un champ persistant au sol'),
(68, 'Tour de force', 17, 'Chamber s''équipe d''un sniper personnalisé qui laisse un champ persistant de ralentissement au sol lorsqu''il élimine un ennemi'),
(69, 'Eclair relais', 18, 'Neon lance un éclair d''énergie qui rebondit une fois. Chaque fois qu''il rencontre une surface, l''éclair électrifie le sol et désoriente les ennemis présents dnas la zone d''effet'),
(70, 'Vitesse supérieure', 18, 'Neon décuple sa vitesse de déplacement et peut réaliser une glissade'),
(71, 'Voie rapide', 18, 'Neon déploie deux lignes d''énergie dans le sol qui parcourent une courte distance et s''élèvent en murs d''électicité'),
(72, 'Ultra-vitesse', 18, 'Neon libère toute sa puissance. Sa vitesse de déplacement est augmentée et elle tire un rayon électrique mortel à grande précision'),
(73, 'Capture', 19, 'Fade lance un orbe qui au contact du sol, piège les ennemis dans sa zone d''effet'),
(74, 'Hanteur', 19, 'Fade lance une entité cauchemardesque qui, une fois tombée au sol, révèle les ennemis dans son champ de vision et les marquent'),
(75, 'Rôdeur', 19, 'Fade envoie un rôdeur qui rend myope les ennemis touchés. Si l''ennemi est marqué, le rôdeur suit sa piste jusqu''à l''atteindre'),
(76, 'Nuit tombante', 19, 'Fade envoie une vague d''énergie cauchemardesque qui traverse les murs. Les ennemis touchés sont souds et perdent des PV progressivement'),
(77, 'Marée haute', 20, 'Harbor déploie un mur d''eau vers l''avant, les agents touchés sont ralentis'),
(78, 'Dôme aqueux', 20, 'Harbor lance un bouclier d''eau sphérique qui se déploie au contact du sol'),
(79, 'Cascade', 20, 'Harbor déploie un petit mur d''eau face à lui'),
(80, 'Geysers diluviens', 20, 'Harbor invoque une flaque bouillonnante sur le sol qui provoque l''apparition de geysers successifs sous les ennemis présents dans la flaque. Si l''agent est touché par le geyser, il est désorienté'),
(81, 'Altego', 21, 'Gekko envoie Altego, qui peut désorienter un ennemi qu''il croise. Aussi, Altego peut poser ou désarmocer le spike'),
(82, 'Verti', 21, 'Gekko envoie Verti dans les airs, qui tire des projectiles aveuglants sur les ennemis dans son champ de vision'),
(83, 'Pogo', 21, 'Gekko envoie Pogo qui s''étale sur une grande zone circulaire au sol et explose après un court délai'),
(84, 'Mordicus', 21, 'Gekko envoie Mordicus, qu''il contrôle, afin de bondir sur les ennemis et les neutraliser dans un petit rayon'),
(85, 'Radar ultrason', 22, 'Deadlock pose un radar à ultrason sur un mur qui detecte et étoudit les agents dans sa zone d''effet'),
(86, 'Disque barrière', 22, 'Deadlock déploie un disque barrière qui bloque l''avancé des agents'),
(87, 'Gravnet', 22, 'Deadlock lance une grenade qui explose à l''atterrissage et force tous les ennemis à portée à se baisser ou à se déplacer au ralenti'),
(88, 'Annihilation', 22, 'Deadlock envoie une salve de nanocâbles qui capturent un ennemi, l''emmaillote et l''attire vers Deadlock. Si ce dernier n''est pas libéré par ses alliés, il meurt lorsqu''il atteind la position initiale de Deadlock');



INSERT INTO "type" ("id", "name") VALUES
(1, 'Arme de poing'),
(2, 'PM'),
(3, 'Fusils à pompe'),
(4, 'Fusils'),
(5, 'Snipers'),
(6, 'Mitrailleuses');

INSERT INTO "weapon" ("id", "name", "price", "type_id") VALUES
(1, 'Classic', 0, 1),
(2, 'Shorty', 300, 1),
(3, 'Frenzy', 450, 1),
(4, 'Ghost', 500, 1),
(5, 'Sheriff', 800, 1),
(6, 'Stinger', 1100, 2),
(7, 'Spectre', 1600, 2),
(8, 'Bucky', 850, 3),
(9, 'Judge', 1850, 3),
(10, 'Bulldog', 2050, 4),
(11, 'Guardian', 2250, 4),
(12, 'Phantom', 2900, 4),
(13, 'Vandal', 2900, 4),
(14, 'Marshal', 950, 5),
(15, 'Operator', 4700, 5),
(16, 'Ares', 1600, 6),
(17, 'Odin', 3200, 6);

INSERT INTO "agent_has_weapon" ("agent_id", "weapon_id") VALUES
(1, 1),
(1, 2),
(1, 3),
(1, 4),
(1, 5),
(1, 6),
(1, 7),
(1, 8),
(1, 9),
(1, 10),
(1, 11),
(1, 12),
(1, 13),
(1, 14),
(1, 15),
(1, 16),
(1, 17),
(2, 1),
(2, 2),
(2, 3),
(2, 4),
(2, 5),
(2, 6),
(2, 7),
(2, 8),
(2, 9),
(2, 10),
(2, 11),
(2, 12),
(2, 13),
(2, 14),
(2, 15),
(2, 16),
(2, 17),
(3, 1),
(3, 2),
(3, 3),
(3, 4),
(3, 5),
(3, 6),
(3, 7),
(3, 8),
(3, 9),
(3, 10),
(3, 11),
(3, 12),
(3, 13),
(3, 14),
(3, 15),
(3, 16),
(3, 17),
(4, 1),
(4, 2),
(4, 3),
(4, 4),
(4, 5),
(4, 6),
(4, 7),
(4, 8),
(4, 9),
(4, 10),
(4, 11),
(4, 12),
(4, 13),
(4, 14),
(4, 15),
(4, 16),
(4, 17),
(5, 1),
(5, 2),
(5, 3),
(5, 4),
(5, 5),
(5, 6),
(5, 7),
(5, 8),
(5, 9),
(5, 10),
(5, 11),
(5, 12),
(5, 13),
(5, 14),
(5, 15),
(5, 16),
(5, 17),
(6, 1),
(6, 2),
(6, 3),
(6, 4),
(6, 5),
(6, 6),
(6, 7),
(6, 8),
(6, 9),
(6, 10),
(6, 11),
(6, 12),
(6, 13),
(6, 14),
(6, 15),
(6, 16),
(6, 17),
(7, 1),
(7, 2),
(7, 3),
(7, 4),
(7, 5),
(7, 6),
(7, 7),
(7, 8),
(7, 9),
(7, 10),
(7, 11),
(7, 12),
(7, 13),
(7, 14),
(7, 15),
(7, 16),
(7, 17),
(8, 1),
(8, 2),
(8, 3),
(8, 4),
(8, 5),
(8, 6),
(8, 7),
(8, 8),
(8, 9),
(8, 10),
(8, 11),
(8, 12),
(8, 13),
(8, 14),
(8, 15),
(8, 16),
(8, 17),
(9, 1),
(9, 2),
(9, 3),
(9, 4),
(9, 5),
(9, 6),
(9, 7),
(9, 8),
(9, 9),
(9, 10),
(9, 11),
(9, 12),
(9, 13),
(9, 14),
(9, 15),
(9, 16),
(9, 17),
(10, 1),
(10, 2),
(10, 3),
(10, 4),
(10, 5),
(10, 6),
(10, 7),
(10, 8),
(10, 9),
(10, 10),
(10, 11),
(10, 12),
(10, 13),
(10, 14),
(10, 15),
(10, 16),
(10, 17),
(11, 1),
(11, 2),
(11, 3),
(11, 4),
(11, 5),
(11, 6),
(11, 7),
(11, 8),
(11, 9),
(11, 10),
(11, 11),
(11, 12),
(11, 13),
(11, 14),
(11, 15),
(11, 16),
(11, 17),
(12, 1),
(12, 2),
(12, 3),
(12, 4),
(12, 5),
(12, 6),
(12, 7),
(12, 8),
(12, 9),
(12, 10),
(12, 11),
(12, 12),
(12, 13),
(12, 14),
(12, 15),
(12, 16),
(12, 17),
(13, 1),
(13, 2),
(13, 3),
(13, 4),
(13, 5),
(13, 6),
(13, 7),
(13, 8),
(13, 9),
(13, 10),
(13, 11),
(13, 12),
(13, 13),
(13, 14),
(13, 15),
(13, 16),
(13, 17),
(14, 1),
(14, 2),
(14, 3),
(14, 4),
(14, 5),
(14, 6),
(14, 7),
(14, 8),
(14, 9),
(14, 10),
(14, 11),
(14, 12),
(14, 13),
(14, 14),
(14, 15),
(14, 16),
(14, 17),
(15, 1),
(15, 2),
(15, 3),
(15, 4),
(15, 5),
(15, 6),
(15, 7),
(15, 8),
(15, 9),
(15, 10),
(15, 11),
(15, 12),
(15, 13),
(15, 14),
(15, 15),
(15, 16),
(15, 17),
(16, 1),
(16, 2),
(16, 3),
(16, 4),
(16, 5),
(16, 6),
(16, 7),
(16, 8),
(16, 9),
(16, 10),
(16, 11),
(16, 12),
(16, 13),
(16, 14),
(16, 15),
(16, 16),
(16, 17),
(17, 1),
(17, 2),
(17, 3),
(17, 4),
(17, 5),
(17, 6),
(17, 7),
(17, 8),
(17, 9),
(17, 10),
(17, 11),
(17, 12),
(17, 13),
(17, 14),
(17, 15),
(17, 16),
(17, 17),
(18, 1),
(18, 2),
(18, 3),
(18, 4),
(18, 5),
(18, 6),
(18, 7),
(18, 8),
(18, 9),
(18, 10),
(18, 11),
(18, 12),
(18, 13),
(18, 14),
(18, 15),
(18, 16),
(18, 17),
(19, 1),
(19, 2),
(19, 3),
(19, 4),
(19, 5),
(19, 6),
(19, 7),
(19, 8),
(19, 9),
(19, 10),
(19, 11),
(19, 12),
(19, 13),
(19, 14),
(19, 15),
(19, 16),
(19, 17),
(20, 1),
(20, 2),
(20, 3),
(20, 4),
(20, 5),
(20, 6),
(20, 7),
(20, 8),
(20, 9),
(20, 10),
(20, 11),
(20, 12),
(20, 13),
(20, 14),
(20, 15),
(20, 16),
(20, 17),
(21, 1),
(21, 2),
(21, 3),
(21, 4),
(21, 5),
(21, 6),
(21, 7),
(21, 8),
(21, 9),
(21, 10),
(21, 11),
(21, 12),
(21, 13),
(21, 14),
(21, 15),
(21, 16),
(21, 17),
(22, 1),
(22, 2),
(22, 3),
(22, 4),
(22, 5),
(22, 6),
(22, 7),
(22, 8),
(22, 9),
(22, 10),
(22, 11),
(22, 12),
(22, 13),
(22, 14),
(22, 15),
(22, 16),
(22, 17);

COMMIT;

SELECT setval('agent_id_seq', (SELECT MAX(id) from "agent"));
SELECT setval('role_id_seq', (SELECT MAX(id) from "role"));
SELECT setval('skill_id_seq', (SELECT MAX(id) from "skill"));
SELECT setval('weapon_id_seq', (SELECT MAX(id) from "weapon"));
SELECT setval('type_id_seq', (SELECT MAX(id) from "type"));